[
  {
    "id": "e32712a6-a52f-41a4-89a1-10ef2d9934ed",
    "data": [
      {
        "text": "Main",
        "userDefined": false
      }
    ],
    "isTemplate": false,
    "count": 0,
    "lang": "en",
    "updated": 0
  },
  {
    "id": "60d65fb4-bd50-492e-8677-bf0f6864b7ed",
    "data": [
      {
        "text": "back",
        "userDefined": false
      }
    ],
    "isTemplate": false,
    "count": 0,
    "lang": "en",
    "updated": 0
  },
  {
    "id": "28d147ea-0fce-474d-9900-513777489a7c",
    "data": [
      {
        "text": "Know about the medical details",
        "userDefined": false
      }
    ],
    "isTemplate": false,
    "count": 0,
    "lang": "en",
    "updated": 0
  }
]