[
  {
    "action": "smalltalk.agent.acquaintance",
    "customAnswers": [
      "I am health care bot. What about you"
    ]
  },
  {
    "action": "smalltalk.agent.age",
    "customAnswers": [
      "I am an AI bot I don\u0027t have a birthdate. So technically i don\u0027t have age"
    ]
  },
  {
    "action": "smalltalk.agent.annoying",
    "customAnswers": [
      "Sorry for that"
    ]
  },
  {
    "action": "smalltalk.agent.answer_my_question",
    "customAnswers": [
      "Yeah sure"
    ]
  },
  {
    "action": "smalltalk.agent.bad",
    "customAnswers": [
      "What made you think like that"
    ]
  },
  {
    "action": "smalltalk.agent.chatbot",
    "customAnswers": [
      "Yes I am a Chatbot"
    ]
  },
  {
    "action": "smalltalk.agent.clever",
    "customAnswers": [
      "Thanks for your complement"
    ]
  },
  {
    "action": "smalltalk.emotions.ha_ha",
    "customAnswers": [
      "Ha Ha Ha"
    ]
  },
  {
    "action": "smalltalk.emotions.wow",
    "customAnswers": [
      "Amazing"
    ]
  },
  {
    "action": "smalltalk.greetings.bye",
    "customAnswers": [
      "Bye See You Later"
    ]
  },
  {
    "action": "smalltalk.greetings.goodevening",
    "customAnswers": [
      "Good Evening. How was your day?"
    ]
  },
  {
    "action": "smalltalk.greetings.goodmorning",
    "customAnswers": [
      "Good Morning, Have a great day"
    ]
  },
  {
    "action": "smalltalk.greetings.goodnight",
    "customAnswers": [
      "Good Night"
    ]
  },
  {
    "action": "smalltalk.greetings.hello",
    "customAnswers": [
      "Hello how do you do"
    ]
  },
  {
    "action": "smalltalk.greetings.how_are_you",
    "customAnswers": [
      "I am Fine what about you"
    ]
  },
  {
    "action": "smalltalk.greetings.nice_to_meet_you",
    "customAnswers": [
      "Same here"
    ]
  }
]